[
    {
        "Author": "UnknownX",
        "Name": "ReAction",
        "Punchline": "QoL for the battle system.",
        "Description": "Improves aspects of the battle system with action stacks (like MOAction) and various QoL settings.",
        "Changelog": "Auto Refocus Target",
        "InternalName": "ReAction",
        "AssemblyVersion": "1.1.5.1",
        "RepoUrl": "https://github.com/UnknownX7/ReAction",
        "ApplicableVersion": "any",
        "CategoryTags": [
            "jobs"
        ],
        "DalamudApiLevel": 6,
        "IconUrl": "",
        "ImageUrls": [
            ""
        ],
        "DownloadLinkInstall": "https://github.com/UnknownX7/DalamudPluginRepo/raw/master/plugins/ReAction/latest.zip",
        "IsHide": false,
        "IsTestingExclusive": false,
        "DownloadLinkTesting": "https://github.com/UnknownX7/DalamudPluginRepo/raw/master/plugins/ReAction/latest.zip",
        "DownloadLinkUpdate": "https://github.com/UnknownX7/DalamudPluginRepo/raw/master/plugins/ReAction/latest.zip",
        "DownloadCount": 0,
        "LastUpdate": "1650000270"
    },
    {
        "Author": "UnknownX",
        "Name": "NoClippy",
        "Punchline": "Reduces the effects of lag on certain aspects of the game, and can show GCD clips",
        "Description": "Reduces the effects of lag on certain aspects of the game, such as weaving and statuses. Usable as an alternative, or in addition, to XivAlexander.",
        "Changelog": "",
        "InternalName": "NoClippy",
        "AssemblyVersion": "0.4.0.8",
        "RepoUrl": "https://github.com/UnknownX7/NoClippy",
        "ApplicableVersion": "any",
        "CategoryTags": [
            "jobs",
            "utility"
        ],
        "DalamudApiLevel": 6,
        "IconUrl": "",
        "ImageUrls": [
            ""
        ],
        "DownloadLinkInstall": "https://github.com/UnknownX7/DalamudPluginRepo/raw/master/plugins/NoClippy/latest.zip",
        "IsHide": false,
        "IsTestingExclusive": false,
        "DownloadLinkTesting": "https://github.com/UnknownX7/DalamudPluginRepo/raw/master/plugins/NoClippy/latest.zip",
        "DownloadLinkUpdate": "https://github.com/UnknownX7/DalamudPluginRepo/raw/master/plugins/NoClippy/latest.zip",
        "DownloadCount": 0,
        "LastUpdate": "1650000270"
    },
    {
        "Author": "UnknownX",
        "Name": "Cammy",
        "Punchline": "A simple editor for the game's camera settings",
        "Description": "A simple camera editor to change various game defaults such as zoom and fov.\nThis is a zoomhack, if you aren't comfortable with that fact, don't install it.",
        "Changelog": "",
        "InternalName": "Cammy",
        "AssemblyVersion": "2.0.3.2",
        "RepoUrl": "https://github.com/UnknownX7/Cammy",
        "ApplicableVersion": "any",
        "CategoryTags": [
            "utility"
        ],
        "DalamudApiLevel": 6,
        "IconUrl": "",
        "ImageUrls": [
            ""
        ],
        "DownloadLinkInstall": "https://github.com/UnknownX7/DalamudPluginRepo/raw/master/plugins/Cammy/latest.zip",
        "IsHide": false,
        "IsTestingExclusive": false,
        "DownloadLinkTesting": "https://github.com/UnknownX7/DalamudPluginRepo/raw/master/plugins/Cammy/latest.zip",
        "DownloadLinkUpdate": "https://github.com/UnknownX7/DalamudPluginRepo/raw/master/plugins/Cammy/latest.zip",
        "DownloadCount": 0,
        "LastUpdate": "1650000270"
    },
    {
        "Author": "UnknownX",
        "Name": "Fractionality",
        "Punchline": "Changes /wait and <wait> to support fractions",
        "Description": "Adds 3 decimal precision waiting to macros and removes the 60 seconds cap.",
        "Changelog": "",
        "InternalName": "Fractionality",
        "AssemblyVersion": "1.0.1.2",
        "RepoUrl": "https://github.com/UnknownX7/Fractionality",
        "ApplicableVersion": "any",
        "DalamudApiLevel": 6,
        "IconUrl": "",
        "ImageUrls": [
            ""
        ],
        "DownloadLinkInstall": "https://github.com/UnknownX7/DalamudPluginRepo/raw/master/plugins/Fractionality/latest.zip",
        "IsHide": false,
        "IsTestingExclusive": false,
        "DownloadLinkTesting": "https://github.com/UnknownX7/DalamudPluginRepo/raw/master/plugins/Fractionality/latest.zip",
        "DownloadLinkUpdate": "https://github.com/UnknownX7/DalamudPluginRepo/raw/master/plugins/Fractionality/latest.zip",
        "DownloadCount": 0,
        "LastUpdate": "1650000270"
    },
    {
        "Author": "UnknownX",
        "Name": "DalamudRepoBrowser",
        "Punchline": "Browse and add third party repositories in an instant",
        "Description": "An interface for browsing and managing third party repositories.",
        "Changelog": "",
        "InternalName": "DalamudRepoBrowser",
        "AssemblyVersion": "2.0.0.2",
        "RepoUrl": "https://github.com/UnknownX7/DalamudRepoBrowser",
        "ApplicableVersion": "any",
        "CategoryTags": [
            "other"
        ],
        "DalamudApiLevel": 6,
        "IconUrl": "",
        "ImageUrls": [
            ""
        ],
        "DownloadLinkInstall": "https://github.com/UnknownX7/DalamudPluginRepo/raw/master/plugins/DalamudRepoBrowser/latest.zip",
        "IsHide": false,
        "IsTestingExclusive": false,
        "DownloadLinkTesting": "https://github.com/UnknownX7/DalamudPluginRepo/raw/master/plugins/DalamudRepoBrowser/latest.zip",
        "DownloadLinkUpdate": "https://github.com/UnknownX7/DalamudPluginRepo/raw/master/plugins/DalamudRepoBrowser/latest.zip",
        "DownloadCount": 0,
        "LastUpdate": "1650000270"
    },
    {
        "Author": "UnknownX",
        "Name": "OOBlugin",
        "Punchline": "oob oob",
        "Description": "oob oob",
        "Changelog": "",
        "InternalName": "OOBlugin",
        "AssemblyVersion": "1.1.2.5",
        "RepoUrl": "https://github.com/UnknownX7/OOBlugin",
        "ApplicableVersion": "any",
        "CategoryTags": [
            "utility"
        ],
        "DalamudApiLevel": 5,
        "IconUrl": "",
        "ImageUrls": [
            ""
        ],
        "DownloadLinkInstall": "https://github.com/UnknownX7/DalamudPluginRepo/raw/master/plugins/OOBlugin/latest.zip",
        "IsHide": false,
        "IsTestingExclusive": false,
        "DownloadLinkTesting": "https://github.com/UnknownX7/DalamudPluginRepo/raw/master/plugins/OOBlugin/latest.zip",
        "DownloadLinkUpdate": "https://github.com/UnknownX7/DalamudPluginRepo/raw/master/plugins/OOBlugin/latest.zip",
        "DownloadCount": 0,
        "LastUpdate": "1650000270"
    }
]